loc,coords
Somerville High School,"42.386395239449755, -71.09587448724096"
New England Aquarium,"42.35937458858267, -71.04912603744366"